{"no_gesture_scores": {"average": -1.308044397121766, "num_correct": 64, "all": [-2.137382560801667, -0.9803628930178366, -1.9446196949944432, -1.6666698447291353, -1.261411151364769, -0.07234366666666647, -1.6762106948283708, -2.552401666666667, -1.6666666673609927, -1.6666695269228884, -1.6664127421731805, -2.0479465409160174, -1.6527514736069024, -1.6058399878953311, -1.6797586120187984, -1.427367337436049, -2.0479465409160174, -0.37526503666666644, -1.3712353960115833, -0.5044051996666665, -1.5990814680318493, -1.763582895005067, -0.23177596666666644, -1.666653377588403, -1.5832281498335588, 0.10480333333333347, 0.10480333333333347, 0.30163333333333353, -0.9803628930178366, -0.23177596666666644, -1.5990814680318493, -1.6668408261272196, -1.9755033648086404, -0.7252348783966664, -1.6666502603972055, -1.6666701978471872, -1.6666666666136873, -1.6666666666666685, -0.6206313463666665, -1.6666671966779185, -1.6645780708392741, -0.6206313463666665, -2.247797400166667, -1.4512972703591107, -0.37526503666666644, -2.384112016666667, -1.6612756357669236, 0.30163333333333353, -1.6307491211189808, -1.6527514736069024, -0.5044051996666665, -2.8816666666666673, -2.552401666666667, -1.5739572035187688, 0.10480333333333347, -2.384112016666667, -0.07234366666666647, -2.760166666666667, -1.0489932703827196, -2.552401666666667, -0.5044051996666665, -2.8816666666666673, -2.8816666666666673, -1.3712353960115833, -1.1663512156766696, -0.9041069181679666, -1.7373185971253606, 0.5203333333333334, -1.2163827607756694, 0.7633333333333336, -0.07234366666666647, -1.6658575018498951, -0.6206313463666665, -1.6812132726134799, -1.617397056861885, -2.463828166666667, -1.6666666647617956, 0.30163333333333353, -0.37526503666666644, -2.312367481666667, -1.7302534040794912, -1.6612756357669236, -1.2163827607756694, -2.137382560801667, -0.9803628930178366, 0.5203333333333334, -2.384112016666667, -1.647578610343259, -1.6717387545369509, -1.6404827759624037, -0.5044051996666665, -2.8816666666666673, -1.6712315457499223, 0.30163333333333353, -1.8307951503639355, 0.5203333333333334, -1.6592715625517924, -0.7252348783966664, -1.6647869304220135, -0.5044051996666665]}, "with_gesture_scores": {"average": -1.34991114733655, "num_correct": 60, "all": [-1.6343408756737494, -0.23177596666666644, -1.6622999316378746, -1.5990814680318493, -1.1107606100111145, -2.552401666666667, -0.37526503666666644, -2.760166666666667, -1.6693621821165385, -0.9803628930178366, -2.384112016666667, 0.30163333333333353, -0.9041069181679666, -0.07234366666666647, -1.1107606100111145, 0.7633333333333336, -2.0479465409160174, -1.6643460046362306, -1.666671026148791, -2.650816666666667, 0.10480333333333347, -2.650816666666667, 0.30163333333333353, -1.0489932703827196, -0.8193780572236666, -1.8918086196121657, -0.37526503666666644, -1.763582895005067, -0.9803628930178366, -1.5394931918410182, -2.760166666666667, -1.9755033648086404, -1.4728342099898664, 1.0333333333333334, -0.07234366666666647, -0.9041069181679666, -1.9446196949944432, -1.5096623767584585, -1.0489932703827196, -1.6666642041736348, 0.10480333333333347, -1.6666666673609927, -2.760166666666667, -0.7252348783966664, -1.666672646751885, -1.6729285035435608, -1.6494874159755997, 0.7633333333333336, -2.009818553491082, -1.2163827607756694, -2.552401666666667, -2.463828166666667, 1.0333333333333334, -0.37526503666666644, -2.189684326816667, -1.849031648552521, -1.666666666666637, -1.691301471569058, 0.30163333333333353, -1.0489932703827196, -0.6206313463666665, 0.10480333333333347, -1.6375734547730412, -1.6666484374783765, -1.9755033648086404, -2.650816666666667, -1.654142992912879, 0.10480333333333347, -1.708385925083221, -1.3019367028949587, -2.463828166666667, -1.66607678551524, -1.7538912721712268, -2.0479465409160174, -2.247797400166667, -2.552401666666667, -2.8816666666666673, -1.3019367028949587, -1.6666666563868466, -1.666666103327246, -2.552401666666667, -1.6494874159755997, -1.6666667246599618, -1.6652963389443147, -1.9755033648086404, -1.6592715625517924, -2.552401666666667, -2.090310971388167, -0.6206313463666665, -1.6643460046362306, -1.3384096992721295, -0.7252348783966664, 1.0333333333333334, -0.37526503666666644, -0.8193780572236666, -1.8143823019942085, -1.6693621821165385, -1.6676065347889937, -1.2163827607756694, -1.0489932703827196]}, "no_gesture_time": 532.6288533210754, "with_gesture_time": 529.7259221076965, "average_actions_no_gesture": 37.64, "average_actions_with_gesture": 33.83, "wait_cost": -0.16666666666666666, "point_cost": -1, "wrong_pick_cost": -3.3333333333333335, "correct_pick_reward": 1.6666666666666667, "items": [{"shape": "spoon", "color": "white", "location": [65, 0, 0]}, {"shape": "cup", "color": "blue", "location": [41, 0, 0]}, {"shape": "spoon", "color": "red", "location": [27, 0, 0]}, {"shape": "phone", "color": "white", "location": [31, 0, 0]}, {"shape": "spoon", "color": "yellow", "location": [55, 0, 0]}, {"shape": "phone", "color": "white", "location": [8, 0, 0]}], "discount": 0.9, "std_theta": 0.15, "bag_of_words": {"spoon": ["spoon", "dipper"], "cup": ["cup", "mug"], "fork": ["fork"], "red": ["red", "pink", "vermillion"], "blue": ["blue", "turquoise"], "yellow": ["yellow"], "green": ["green"], "black": ["black", "dark"], "marker": ["marker", "expo"], "ball": ["ball", "sphere"], "phone": ["phone"], "white": ["white"], "position": []}}